{
  "Total" : {
    "transaction" : "Total",
    "sampleCount" : 9999,
    "errorCount" : 16,
    "errorPct" : 0.160016,
    "meanResTime" : 986.1000100009999,
    "medianResTime" : 380.0,
    "minResTime" : 353.0,
    "maxResTime" : 47372.0,
    "pct1ResTime" : 1921.0,
    "pct2ResTime" : 2089.0,
    "pct3ResTime" : 4707.0,
    "throughput" : 8.266512563462163,
    "receivedKBytesPerSec" : 6.9340887407932845,
    "sentKBytesPerSec" : 2.430640543372942
  },
  "Create Booking" : {
    "transaction" : "Create Booking",
    "sampleCount" : 3333,
    "errorCount" : 2,
    "errorPct" : 0.060006,
    "meanResTime" : 420.5688568856883,
    "medianResTime" : 372.0,
    "minResTime" : 353.0,
    "maxResTime" : 8649.0,
    "pct1ResTime" : 407.1999999999998,
    "pct2ResTime" : 613.2999999999997,
    "pct3ResTime" : 1594.0,
    "throughput" : 2.769892029891232,
    "receivedKBytesPerSec" : 2.479934864842067,
    "sentKBytesPerSec" : 1.0993607934477467
  },
  "User Login" : {
    "transaction" : "User Login",
    "sampleCount" : 3333,
    "errorCount" : 1,
    "errorPct" : 0.030003,
    "meanResTime" : 2103.8505850585075,
    "medianResTime" : 1873.0,
    "minResTime" : 1479.0,
    "maxResTime" : 47372.0,
    "pct1ResTime" : 2186.6,
    "pct2ResTime" : 2966.199999999999,
    "pct3ResTime" : 7156.259999999984,
    "throughput" : 2.767987350140019,
    "receivedKBytesPerSec" : 2.085355301603074,
    "sentKBytesPerSec" : 0.7514653157606691
  },
  "Search Booking" : {
    "transaction" : "Search Booking",
    "sampleCount" : 3333,
    "errorCount" : 13,
    "errorPct" : 0.390039,
    "meanResTime" : 433.8805880588059,
    "medianResTime" : 374.0,
    "minResTime" : 354.0,
    "maxResTime" : 32664.0,
    "pct1ResTime" : 407.0,
    "pct2ResTime" : 506.59999999999945,
    "pct3ResTime" : 1514.9799999999996,
    "throughput" : 2.7647521884510833,
    "receivedKBytesPerSec" : 2.3991098167262948,
    "sentKBytesPerSec" : 0.590890411647794
  }
}