{
  "Total" : {
    "transaction" : "Total",
    "sampleCount" : 150000,
    "errorCount" : 744,
    "errorPct" : 0.496,
    "meanResTime" : 833.7457400000062,
    "medianResTime" : 362.0,
    "minResTime" : 285.0,
    "maxResTime" : 23118.0,
    "pct1ResTime" : 1409.0,
    "pct2ResTime" : 1630.0,
    "pct3ResTime" : 2301.0,
    "throughput" : 123.82285736927608,
    "receivedKBytesPerSec" : 104.54708310623879,
    "sentKBytesPerSec" : 36.4373635239944
  },
  "Create Booking" : {
    "transaction" : "Create Booking",
    "sampleCount" : 50000,
    "errorCount" : 319,
    "errorPct" : 0.638,
    "meanResTime" : 534.9405599999976,
    "medianResTime" : 325.0,
    "minResTime" : 285.0,
    "maxResTime" : 7743.0,
    "pct1ResTime" : 1911.0,
    "pct2ResTime" : 3678.800000000003,
    "pct3ResTime" : 5651.770000000037,
    "throughput" : 41.38459615669532,
    "receivedKBytesPerSec" : 37.16777981961903,
    "sentKBytesPerSec" : 16.425259270615115
  },
  "User Login" : {
    "transaction" : "User Login",
    "sampleCount" : 50000,
    "errorCount" : 51,
    "errorPct" : 0.102,
    "meanResTime" : 1420.398699999999,
    "medianResTime" : 1270.0,
    "minResTime" : 1152.0,
    "maxResTime" : 23118.0,
    "pct1ResTime" : 1792.9000000000015,
    "pct2ResTime" : 2240.9500000000007,
    "pct3ResTime" : 4491.94000000001,
    "throughput" : 41.42381952470309,
    "receivedKBytesPerSec" : 31.21960446336477,
    "sentKBytesPerSec" : 11.245919753776816
  },
  "Search Booking" : {
    "transaction" : "Search Booking",
    "sampleCount" : 50000,
    "errorCount" : 374,
    "errorPct" : 0.748,
    "meanResTime" : 545.897960000009,
    "medianResTime" : 333.0,
    "minResTime" : 286.0,
    "maxResTime" : 10254.0,
    "pct1ResTime" : 2166.800000000003,
    "pct2ResTime" : 3758.7500000000036,
    "pct3ResTime" : 5733.0,
    "throughput" : 41.38038338097594,
    "receivedKBytesPerSec" : 36.46496200737688,
    "sentKBytesPerSec" : 8.873312798921544
  }
}