{
  "Total" : {
    "transaction" : "Total",
    "sampleCount" : 751,
    "errorCount" : 88,
    "errorPct" : 11.71771,
    "meanResTime" : 9231.37150466045,
    "medianResTime" : 4300.0,
    "minResTime" : 290.0,
    "maxResTime" : 77543.0,
    "pct1ResTime" : 19077.4,
    "pct2ResTime" : 20059.0,
    "pct3ResTime" : 30781.280000000046,
    "throughput" : 6.756392032675388,
    "receivedKBytesPerSec" : 6.425567582475664,
    "sentKBytesPerSec" : 1.985544126842039
  },
  "Create Booking" : {
    "transaction" : "Create Booking",
    "sampleCount" : 251,
    "errorCount" : 42,
    "errorPct" : 16.733068,
    "meanResTime" : 13365.605577689237,
    "medianResTime" : 16788.0,
    "minResTime" : 290.0,
    "maxResTime" : 20527.0,
    "pct1ResTime" : 19119.6,
    "pct2ResTime" : 20046.8,
    "pct3ResTime" : 20468.72,
    "throughput" : 2.3581138846872913,
    "receivedKBytesPerSec" : 2.256596010348456,
    "sentKBytesPerSec" : 0.9355975376029914
  },
  "User Login" : {
    "transaction" : "User Login",
    "sampleCount" : 256,
    "errorCount" : 4,
    "errorPct" : 1.5625,
    "meanResTime" : 3184.066406249999,
    "medianResTime" : 1207.0,
    "minResTime" : 506.0,
    "maxResTime" : 77543.0,
    "pct1ResTime" : 2261.3000000000006,
    "pct2ResTime" : 5209.0999999999985,
    "pct3ResTime" : 76335.82,
    "throughput" : 2.3057869849133077,
    "receivedKBytesPerSec" : 1.7725368019590182,
    "sentKBytesPerSec" : 0.6235398840351272
  },
  "Search Booking" : {
    "transaction" : "Search Booking",
    "sampleCount" : 244,
    "errorCount" : 42,
    "errorPct" : 17.213116,
    "meanResTime" : 11323.245901639348,
    "medianResTime" : 16710.5,
    "minResTime" : 291.0,
    "maxResTime" : 32126.0,
    "pct1ResTime" : 19488.5,
    "pct2ResTime" : 20220.0,
    "pct3ResTime" : 22377.85000000003,
    "throughput" : 2.7398798495311887,
    "receivedKBytesPerSec" : 3.113102068244343,
    "sentKBytesPerSec" : 0.5826367834484307
  }
}